{"mean": -42.77423095703125, "std": 21.410659790039062}